item_id,item_name,category,price
2000,美妆_779,美妆,644.3
2001,食品_607,食品,193.32
2002,食品_614,食品,193.42
2003,运动_990,运动,240.51
2004,玩具_202,玩具,277.2
2005,玩具_115,玩具,369.55
2006,美妆_991,美妆,541.09
2007,食品_176,食品,99.2
2008,家居_446,家居,1265.36
2009,美妆_765,美妆,110.24
2010,运动_972,运动,1044.1
2011,美妆_424,美妆,520.1
2012,玩具_993,玩具,284.28
2013,服装_340,服装,668.04
2014,家居_332,家居,1506.19
2015,美妆_200,美妆,620.28
2016,服装_554,服装,249.73
2017,家居_129,家居,139.68
2018,电子产品_400,电子产品,2433.85
2019,美妆_249,美妆,233.15
2020,美妆_679,美妆,561.35
2021,食品_274,食品,43.26
2022,美妆_734,美妆,562.35
2023,玩具_697,玩具,97.27
2024,玩具_753,玩具,149.37
2025,家居_782,家居,68.32
2026,玩具_394,玩具,348.48
2027,食品_175,食品,93.93
2028,运动_701,运动,518.82
2029,美妆_806,美妆,237.57
2030,家居_303,家居,1998.78
2031,玩具_209,玩具,141.49
2032,运动_688,运动,514.22
2033,家居_122,家居,1956.99
2034,美妆_381,美妆,56.07
2035,电子产品_720,电子产品,3980.69
2036,家居_894,家居,1607.78
2037,运动_324,运动,991.27
2038,家居_794,家居,1523.38
2039,食品_743,食品,28.46
2040,电子产品_416,电子产品,4154.44
2041,电子产品_693,电子产品,2459.44
2042,食品_192,食品,182.83
2043,运动_865,运动,681.7
2044,图书_235,图书,161.57
2045,运动_643,运动,802.51
2046,家居_950,家居,370.86
2047,玩具_925,玩具,168.72
2048,运动_923,运动,261.24
2049,服装_244,服装,778.74
2050,图书_980,图书,141.74
2051,美妆_966,美妆,653.44
2052,运动_192,运动,1206.95
2053,电子产品_370,电子产品,3146.29
2054,玩具_477,玩具,346.23
2055,家居_698,家居,793.0
2056,运动_210,运动,1044.77
2057,玩具_125,玩具,321.19
2058,运动_724,运动,409.91
2059,服装_750,服装,841.47
2060,家居_764,家居,846.18
2061,食品_146,食品,189.79
2062,家居_604,家居,276.43
2063,图书_650,图书,44.42
2064,玩具_479,玩具,345.13
2065,美妆_701,美妆,606.7
2066,食品_524,食品,134.44
2067,玩具_730,玩具,221.81
2068,家居_133,家居,1396.05
2069,图书_554,图书,100.05
2070,图书_975,图书,85.28
2071,运动_657,运动,1362.37
2072,运动_162,运动,657.4
2073,图书_225,图书,190.82
2074,玩具_193,玩具,341.5
2075,电子产品_151,电子产品,4147.18
2076,图书_228,图书,161.66
2077,图书_170,图书,169.37
2078,图书_700,图书,58.87
2079,图书_436,图书,159.39
2080,电子产品_383,电子产品,4433.62
2081,食品_233,食品,112.64
2082,食品_212,食品,135.6
2083,电子产品_234,电子产品,1059.44
2084,图书_702,图书,78.28
2085,食品_371,食品,19.96
2086,美妆_638,美妆,135.24
2087,服装_587,服装,503.45
2088,运动_625,运动,931.13
2089,玩具_615,玩具,134.13
2090,电子产品_844,电子产品,4132.91
2091,家居_569,家居,1304.51
2092,电子产品_162,电子产品,4994.35
2093,美妆_536,美妆,564.57
2094,玩具_829,玩具,457.56
2095,服装_182,服装,389.9
2096,食品_167,食品,33.98
2097,运动_490,运动,1492.48
2098,家居_564,家居,1035.82
2099,美妆_201,美妆,644.82
2100,服装_973,服装,689.24
2101,图书_540,图书,101.28
2102,图书_523,图书,81.01
2103,玩具_508,玩具,225.52
2104,服装_420,服装,484.09
2105,家居_483,家居,1909.51
2106,玩具_168,玩具,72.88
2107,服装_195,服装,488.69
2108,运动_931,运动,282.16
2109,电子产品_700,电子产品,4826.5
2110,运动_786,运动,271.12
2111,运动_994,运动,1031.48
2112,美妆_988,美妆,736.88
2113,电子产品_394,电子产品,3401.64
2114,运动_206,运动,909.09
2115,图书_258,图书,138.21
2116,图书_967,图书,39.48
2117,运动_217,运动,1167.65
2118,图书_926,图书,97.24
2119,电子产品_723,电子产品,4716.34
2120,家居_129,家居,401.81
2121,家居_447,家居,734.5
2122,食品_990,食品,37.22
2123,美妆_171,美妆,156.41
2124,电子产品_193,电子产品,3984.45
2125,图书_485,图书,95.57
2126,运动_261,运动,618.07
2127,运动_895,运动,1417.97
2128,服装_153,服装,240.02
2129,电子产品_790,电子产品,1326.33
2130,玩具_777,玩具,229.29
2131,玩具_524,玩具,158.39
2132,服装_453,服装,486.92
2133,家居_794,家居,1373.05
2134,玩具_639,玩具,343.55
2135,电子产品_325,电子产品,2581.05
2136,电子产品_107,电子产品,1817.69
2137,图书_885,图书,44.7
2138,家居_396,家居,689.84
2139,电子产品_609,电子产品,3988.06
2140,食品_232,食品,82.24
2141,图书_612,图书,120.57
2142,运动_173,运动,655.9
2143,电子产品_546,电子产品,1074.97
2144,服装_982,服装,381.75
2145,美妆_687,美妆,353.32
2146,美妆_396,美妆,136.38
2147,电子产品_432,电子产品,1687.49
2148,玩具_951,玩具,354.12
2149,运动_190,运动,711.4
2150,服装_349,服装,492.11
2151,美妆_636,美妆,108.99
2152,家居_863,家居,712.05
2153,运动_897,运动,335.39
2154,服装_643,服装,558.96
2155,运动_459,运动,1118.33
2156,食品_341,食品,29.53
2157,家居_302,家居,388.32
2158,食品_878,食品,154.24
2159,服装_281,服装,956.16
2160,玩具_575,玩具,384.59
2161,玩具_797,玩具,464.35
2162,运动_984,运动,1459.36
2163,运动_254,运动,715.67
2164,玩具_552,玩具,326.75
2165,家居_705,家居,159.54
2166,服装_417,服装,515.57
2167,电子产品_158,电子产品,2474.95
2168,家居_178,家居,1307.1
2169,服装_729,服装,634.67
2170,美妆_573,美妆,485.25
2171,电子产品_560,电子产品,4636.2
2172,图书_429,图书,128.9
2173,食品_163,食品,95.6
2174,运动_831,运动,218.06
2175,食品_140,食品,57.07
2176,玩具_549,玩具,276.31
2177,食品_472,食品,80.84
2178,家居_496,家居,847.1
2179,运动_795,运动,937.04
2180,运动_167,运动,561.57
2181,美妆_390,美妆,239.0
2182,食品_441,食品,25.49
2183,食品_458,食品,68.94
2184,美妆_232,美妆,496.28
2185,服装_417,服装,603.03
2186,运动_932,运动,278.91
2187,服装_761,服装,703.41
2188,运动_118,运动,607.64
2189,食品_319,食品,74.93
2190,玩具_296,玩具,136.48
2191,食品_258,食品,24.66
2192,服装_619,服装,793.79
2193,电子产品_777,电子产品,2347.06
2194,食品_711,食品,81.58
2195,食品_285,食品,167.96
2196,食品_838,食品,93.16
2197,美妆_473,美妆,557.27
2198,图书_554,图书,129.91
2199,玩具_339,玩具,280.99
2200,家居_928,家居,1579.52
2201,图书_476,图书,142.1
2202,玩具_572,玩具,391.64
2203,美妆_614,美妆,445.59
2204,食品_936,食品,47.94
2205,食品_993,食品,57.5
2206,玩具_995,玩具,204.47
2207,服装_828,服装,861.3
2208,服装_391,服装,175.49
2209,食品_379,食品,95.37
2210,食品_950,食品,93.12
2211,图书_936,图书,101.2
2212,运动_127,运动,680.86
2213,美妆_614,美妆,330.47
2214,美妆_183,美妆,331.18
2215,电子产品_426,电子产品,4723.3
2216,运动_910,运动,304.47
2217,电子产品_393,电子产品,4669.58
2218,玩具_812,玩具,420.62
2219,玩具_559,玩具,319.21
2220,服装_119,服装,330.33
2221,食品_661,食品,188.64
2222,美妆_213,美妆,632.13
2223,图书_408,图书,41.93
2224,图书_529,图书,135.01
2225,玩具_164,玩具,82.1
2226,玩具_711,玩具,281.95
2227,图书_835,图书,45.84
2228,美妆_101,美妆,511.11
2229,图书_684,图书,94.98
2230,服装_636,服装,977.19
2231,服装_638,服装,589.67
2232,电子产品_499,电子产品,4493.33
2233,电子产品_750,电子产品,2547.53
2234,运动_359,运动,1146.24
2235,运动_907,运动,194.58
2236,图书_850,图书,138.28
2237,服装_890,服装,623.71
2238,运动_236,运动,162.07
2239,运动_933,运动,999.91
2240,玩具_812,玩具,254.91
2241,食品_930,食品,35.62
2242,玩具_137,玩具,167.92
2243,电子产品_910,电子产品,1797.88
2244,电子产品_423,电子产品,4733.48
2245,美妆_934,美妆,457.27
2246,家居_137,家居,1518.92
2247,图书_392,图书,84.26
2248,电子产品_986,电子产品,3622.93
2249,家居_227,家居,1608.72
2250,美妆_509,美妆,607.48
2251,美妆_447,美妆,780.29
2252,玩具_808,玩具,263.84
2253,家居_920,家居,211.09
2254,美妆_180,美妆,372.96
2255,食品_658,食品,65.82
2256,服装_181,服装,395.13
2257,家居_413,家居,919.54
2258,美妆_270,美妆,567.32
2259,运动_557,运动,159.3
2260,运动_729,运动,1497.41
2261,家居_754,家居,1961.05
2262,电子产品_176,电子产品,3684.74
2263,美妆_472,美妆,434.81
2264,食品_131,食品,37.13
2265,玩具_135,玩具,89.33
2266,图书_897,图书,136.13
2267,运动_492,运动,1429.25
2268,电子产品_719,电子产品,1613.75
2269,玩具_479,玩具,204.85
2270,服装_687,服装,223.93
2271,运动_507,运动,540.14
2272,家居_355,家居,1923.01
2273,电子产品_853,电子产品,1744.19
2274,美妆_675,美妆,138.32
2275,家居_820,家居,920.23
2276,家居_810,家居,1837.13
2277,玩具_304,玩具,87.64
2278,服装_562,服装,255.39
2279,玩具_189,玩具,410.94
2280,运动_783,运动,586.4
2281,服装_663,服装,587.95
2282,家居_971,家居,357.14
2283,食品_912,食品,78.68
2284,图书_224,图书,197.32
2285,食品_342,食品,160.17
2286,电子产品_469,电子产品,3216.09
2287,运动_578,运动,1225.13
2288,食品_726,食品,178.01
2289,服装_416,服装,458.34
2290,玩具_638,玩具,223.07
2291,美妆_943,美妆,481.18
2292,食品_424,食品,132.04
2293,玩具_577,玩具,349.65
2294,运动_231,运动,1329.14
2295,食品_886,食品,193.59
2296,美妆_614,美妆,733.03
2297,电子产品_951,电子产品,1496.64
2298,食品_411,食品,41.28
2299,运动_826,运动,415.66
2300,家居_966,家居,203.78
2301,图书_750,图书,192.14
2302,家居_228,家居,1268.79
2303,服装_614,服装,676.89
2304,食品_275,食品,135.16
2305,运动_962,运动,1393.5
2306,电子产品_945,电子产品,4455.12
2307,服装_146,服装,953.69
2308,家居_766,家居,461.08
2309,美妆_732,美妆,529.24
2310,玩具_742,玩具,286.42
2311,家居_594,家居,527.51
2312,美妆_404,美妆,390.16
2313,电子产品_261,电子产品,2758.42
2314,玩具_575,玩具,125.89
2315,食品_420,食品,173.68
2316,运动_851,运动,1483.23
2317,运动_508,运动,283.07
2318,运动_627,运动,886.31
2319,运动_347,运动,753.06
2320,家居_560,家居,533.44
2321,服装_151,服装,361.19
2322,美妆_984,美妆,511.53
2323,图书_986,图书,182.42
2324,运动_691,运动,1109.58
2325,图书_881,图书,48.68
2326,玩具_610,玩具,443.17
2327,玩具_123,玩具,72.32
2328,美妆_617,美妆,392.92
2329,图书_320,图书,125.0
2330,电子产品_151,电子产品,2125.43
2331,玩具_392,玩具,282.24
2332,服装_541,服装,220.54
2333,家居_844,家居,763.27
2334,美妆_474,美妆,83.93
2335,电子产品_683,电子产品,3247.27
2336,运动_666,运动,504.04
2337,美妆_616,美妆,387.77
2338,家居_945,家居,1978.73
2339,服装_231,服装,977.57
2340,美妆_482,美妆,646.17
2341,运动_671,运动,1414.53
2342,食品_303,食品,124.47
2343,美妆_612,美妆,80.19
2344,电子产品_240,电子产品,3854.37
2345,玩具_631,玩具,244.78
2346,食品_435,食品,186.96
2347,运动_266,运动,650.14
2348,家居_707,家居,705.93
2349,玩具_825,玩具,294.57
2350,玩具_935,玩具,37.82
2351,运动_789,运动,253.45
2352,美妆_697,美妆,280.76
2353,电子产品_711,电子产品,2898.36
2354,图书_838,图书,29.24
2355,玩具_274,玩具,276.39
2356,美妆_251,美妆,666.25
2357,图书_132,图书,123.06
2358,服装_295,服装,117.04
2359,运动_528,运动,312.0
2360,图书_520,图书,110.33
2361,玩具_993,玩具,428.74
2362,电子产品_822,电子产品,1552.33
2363,图书_674,图书,78.51
2364,玩具_638,玩具,207.11
2365,食品_570,食品,183.3
2366,运动_659,运动,596.0
2367,家居_724,家居,994.15
2368,图书_385,图书,120.46
2369,图书_404,图书,158.81
2370,图书_806,图书,146.9
2371,运动_591,运动,588.32
2372,家居_394,家居,287.65
2373,美妆_504,美妆,663.78
2374,食品_397,食品,17.99
2375,服装_454,服装,931.61
2376,家居_865,家居,984.2
2377,图书_947,图书,116.94
2378,家居_240,家居,262.99
2379,图书_348,图书,29.14
2380,图书_753,图书,61.91
2381,服装_523,服装,397.26
2382,玩具_202,玩具,350.16
2383,食品_105,食品,193.26
2384,食品_516,食品,134.05
2385,玩具_588,玩具,335.75
2386,家居_428,家居,606.56
2387,电子产品_887,电子产品,1357.84
2388,图书_647,图书,152.96
2389,电子产品_279,电子产品,2671.54
2390,食品_137,食品,199.46
2391,美妆_906,美妆,421.54
2392,家居_997,家居,123.06
2393,家居_681,家居,1225.43
2394,运动_391,运动,736.09
2395,玩具_237,玩具,430.0
2396,玩具_379,玩具,120.62
2397,服装_438,服装,246.24
2398,玩具_763,玩具,150.91
2399,食品_114,食品,149.96
2400,家居_681,家居,1365.08
2401,图书_279,图书,129.97
2402,美妆_946,美妆,370.78
2403,运动_188,运动,661.17
2404,服装_289,服装,983.52
2405,玩具_431,玩具,469.84
2406,电子产品_367,电子产品,2534.3
2407,玩具_871,玩具,155.49
2408,运动_409,运动,915.45
2409,电子产品_367,电子产品,3614.73
2410,图书_163,图书,140.2
2411,玩具_414,玩具,105.07
2412,家居_806,家居,278.96
2413,家居_476,家居,1248.52
2414,图书_236,图书,106.07
2415,玩具_865,玩具,494.75
2416,运动_525,运动,1082.72
2417,玩具_875,玩具,282.63
2418,图书_880,图书,64.54
2419,服装_638,服装,502.07
2420,运动_179,运动,1384.14
2421,服装_163,服装,845.9
2422,图书_686,图书,116.6
2423,食品_435,食品,172.35
2424,玩具_219,玩具,349.74
2425,玩具_193,玩具,452.48
2426,玩具_928,玩具,56.15
2427,食品_625,食品,88.93
2428,电子产品_672,电子产品,2849.51
2429,家居_840,家居,92.45
2430,家居_936,家居,55.88
2431,图书_692,图书,33.15
2432,美妆_452,美妆,575.29
2433,电子产品_170,电子产品,4944.55
2434,玩具_132,玩具,164.93
2435,食品_887,食品,35.73
2436,美妆_483,美妆,794.64
2437,美妆_559,美妆,702.22
2438,美妆_484,美妆,110.19
2439,食品_769,食品,173.45
2440,服装_282,服装,993.56
2441,美妆_641,美妆,145.51
2442,图书_954,图书,20.63
2443,电子产品_405,电子产品,2852.02
2444,美妆_644,美妆,334.46
2445,图书_353,图书,102.91
2446,食品_382,食品,45.81
2447,服装_132,服装,828.53
2448,美妆_729,美妆,624.54
2449,电子产品_346,电子产品,1824.33
2450,服装_708,服装,130.22
2451,电子产品_350,电子产品,3962.16
2452,美妆_549,美妆,225.75
2453,图书_872,图书,175.47
2454,电子产品_243,电子产品,3015.58
2455,家居_339,家居,1640.78
2456,运动_691,运动,937.08
2457,运动_342,运动,522.47
2458,食品_776,食品,109.04
2459,美妆_407,美妆,256.37
2460,食品_741,食品,138.96
2461,玩具_148,玩具,486.98
2462,美妆_904,美妆,443.35
2463,美妆_518,美妆,161.91
2464,美妆_288,美妆,615.81
2465,玩具_346,玩具,429.19
2466,家居_978,家居,1429.77
2467,玩具_159,玩具,294.32
2468,美妆_670,美妆,447.49
2469,美妆_348,美妆,241.25
2470,运动_762,运动,210.7
2471,玩具_967,玩具,204.41
2472,图书_152,图书,68.32
2473,电子产品_994,电子产品,1291.14
2474,图书_590,图书,57.6
2475,运动_410,运动,1439.83
2476,电子产品_316,电子产品,4748.64
2477,服装_864,服装,999.61
2478,玩具_348,玩具,356.94
2479,图书_506,图书,184.72
2480,运动_894,运动,496.28
2481,玩具_646,玩具,334.9
2482,家居_367,家居,751.31
2483,玩具_577,玩具,76.35
2484,玩具_879,玩具,424.67
2485,图书_479,图书,76.33
2486,电子产品_676,电子产品,4456.34
2487,食品_116,食品,59.55
2488,美妆_402,美妆,164.31
2489,运动_335,运动,631.78
2490,图书_611,图书,119.12
2491,运动_363,运动,1168.7
2492,玩具_840,玩具,331.6
2493,玩具_571,玩具,109.07
2494,运动_273,运动,295.94
2495,玩具_288,玩具,460.94
2496,电子产品_636,电子产品,1135.3
2497,服装_937,服装,701.39
2498,电子产品_522,电子产品,1549.97
2499,图书_169,图书,147.29
2500,电子产品_323,电子产品,3022.93
2501,运动_161,运动,964.97
2502,玩具_775,玩具,259.29
2503,电子产品_644,电子产品,3206.57
2504,电子产品_117,电子产品,3117.67
2505,家居_648,家居,1956.08
2506,电子产品_614,电子产品,4252.63
2507,美妆_925,美妆,754.78
2508,食品_209,食品,184.43
2509,食品_346,食品,46.47
2510,家居_934,家居,741.16
2511,美妆_180,美妆,329.79
2512,美妆_570,美妆,473.75
2513,图书_407,图书,143.13
2514,服装_769,服装,992.51
2515,电子产品_195,电子产品,2621.11
2516,美妆_665,美妆,407.0
2517,电子产品_819,电子产品,1685.53
2518,玩具_965,玩具,233.94
2519,运动_679,运动,1468.26
2520,服装_640,服装,927.24
2521,图书_316,图书,182.23
2522,玩具_377,玩具,51.88
2523,服装_800,服装,933.03
2524,电子产品_283,电子产品,4715.07
2525,运动_116,运动,1446.06
2526,食品_870,食品,165.93
2527,美妆_178,美妆,274.46
2528,图书_680,图书,170.24
2529,美妆_793,美妆,722.39
2530,运动_493,运动,1157.85
2531,食品_909,食品,197.81
2532,服装_612,服装,770.91
2533,运动_154,运动,236.76
2534,图书_958,图书,33.68
2535,美妆_892,美妆,294.78
2536,家居_902,家居,1985.54
2537,玩具_333,玩具,197.23
2538,美妆_542,美妆,189.3
2539,美妆_187,美妆,629.13
2540,家居_917,家居,530.58
2541,服装_184,服装,341.17
2542,美妆_828,美妆,637.92
2543,食品_857,食品,84.03
2544,运动_209,运动,228.13
2545,家居_555,家居,751.84
2546,家居_204,家居,308.39
2547,食品_541,食品,95.28
2548,美妆_205,美妆,69.7
2549,运动_667,运动,230.29
2550,运动_984,运动,639.33
2551,家居_523,家居,806.21
2552,服装_842,服装,911.02
2553,图书_685,图书,113.8
2554,美妆_273,美妆,154.13
2555,家居_374,家居,1011.59
2556,服装_271,服装,491.21
2557,美妆_406,美妆,413.17
2558,服装_469,服装,326.53
2559,图书_838,图书,132.51
2560,图书_568,图书,39.26
2561,家居_106,家居,1900.21
2562,运动_961,运动,968.27
2563,运动_550,运动,568.63
2564,食品_407,食品,70.93
2565,图书_590,图书,76.55
2566,美妆_426,美妆,268.59
2567,玩具_689,玩具,397.53
2568,运动_485,运动,492.42
2569,美妆_473,美妆,135.42
2570,图书_706,图书,199.51
2571,食品_798,食品,155.85
2572,电子产品_844,电子产品,2846.49
2573,图书_548,图书,163.58
2574,服装_938,服装,863.01
2575,美妆_789,美妆,424.48
2576,家居_347,家居,542.73
2577,食品_832,食品,90.39
2578,美妆_175,美妆,386.8
2579,玩具_696,玩具,218.38
2580,美妆_656,美妆,77.57
2581,运动_818,运动,1353.7
2582,服装_211,服装,792.06
2583,运动_270,运动,1005.8
2584,电子产品_676,电子产品,4934.43
2585,美妆_870,美妆,298.7
2586,美妆_208,美妆,57.91
2587,家居_327,家居,1045.82
2588,图书_556,图书,87.34
2589,玩具_890,玩具,349.39
2590,食品_453,食品,199.56
2591,玩具_207,玩具,168.85
2592,服装_218,服装,848.19
2593,食品_456,食品,69.26
2594,玩具_903,玩具,127.23
2595,玩具_456,玩具,253.8
2596,玩具_839,玩具,357.48
2597,运动_168,运动,520.37
2598,服装_123,服装,864.26
2599,服装_793,服装,820.05
2600,图书_628,图书,51.4
2601,食品_438,食品,116.37
2602,玩具_337,玩具,404.95
2603,食品_290,食品,131.69
2604,美妆_505,美妆,71.89
2605,图书_560,图书,126.6
2606,美妆_104,美妆,578.55
2607,图书_385,图书,155.42
2608,服装_691,服装,191.58
2609,食品_474,食品,71.94
2610,玩具_216,玩具,153.31
2611,玩具_640,玩具,483.98
2612,运动_711,运动,644.09
2613,美妆_701,美妆,135.67
2614,运动_965,运动,741.0
2615,食品_933,食品,137.98
2616,家居_729,家居,1200.83
2617,食品_420,食品,32.39
2618,家居_219,家居,406.94
2619,食品_623,食品,83.81
2620,食品_688,食品,82.9
2621,食品_598,食品,130.75
2622,食品_668,食品,41.7
2623,家居_243,家居,414.84
2624,玩具_734,玩具,55.2
2625,运动_109,运动,778.45
2626,图书_934,图书,89.11
2627,玩具_518,玩具,351.81
2628,美妆_827,美妆,679.92
2629,玩具_271,玩具,68.86
2630,电子产品_914,电子产品,4044.23
2631,家居_133,家居,585.96
2632,家居_272,家居,1572.44
2633,玩具_662,玩具,270.08
2634,服装_374,服装,797.6
2635,运动_655,运动,1251.66
2636,电子产品_878,电子产品,3875.92
2637,图书_535,图书,38.43
2638,图书_404,图书,177.47
2639,电子产品_560,电子产品,2051.26
2640,服装_549,服装,878.76
2641,服装_894,服装,830.7
2642,图书_930,图书,152.77
2643,运动_981,运动,1095.06
2644,美妆_269,美妆,512.11
2645,图书_933,图书,57.25
2646,电子产品_683,电子产品,2403.26
2647,家居_711,家居,1100.6
2648,运动_820,运动,509.69
2649,家居_978,家居,1053.11
2650,服装_238,服装,966.49
2651,美妆_160,美妆,794.36
2652,食品_818,食品,174.55
2653,图书_249,图书,148.05
2654,图书_879,图书,171.84
2655,美妆_601,美妆,156.63
2656,家居_742,家居,857.74
2657,玩具_177,玩具,327.81
2658,服装_512,服装,564.05
2659,家居_811,家居,1875.86
2660,运动_565,运动,1430.36
2661,运动_695,运动,103.46
2662,服装_848,服装,974.94
2663,运动_970,运动,188.66
2664,美妆_323,美妆,776.1
2665,图书_606,图书,68.34
2666,家居_445,家居,1117.26
2667,食品_679,食品,171.96
2668,运动_798,运动,1167.16
2669,电子产品_201,电子产品,3504.72
2670,玩具_116,玩具,88.39
2671,食品_551,食品,96.74
2672,美妆_307,美妆,796.77
2673,食品_765,食品,67.35
2674,家居_195,家居,1326.45
2675,家居_184,家居,775.1
2676,食品_153,食品,85.3
2677,家居_843,家居,1413.91
2678,图书_539,图书,137.99
2679,服装_101,服装,292.08
2680,服装_235,服装,634.31
2681,玩具_109,玩具,33.79
2682,运动_936,运动,268.83
2683,美妆_810,美妆,149.13
2684,服装_334,服装,444.76
2685,服装_205,服装,382.02
2686,家居_240,家居,796.31
2687,食品_756,食品,198.66
2688,食品_170,食品,110.8
2689,电子产品_724,电子产品,3600.08
2690,玩具_459,玩具,369.54
2691,食品_521,食品,127.05
2692,玩具_980,玩具,132.1
2693,服装_243,服装,777.2
2694,美妆_459,美妆,772.44
2695,运动_910,运动,295.76
2696,家居_760,家居,214.28
2697,家居_897,家居,1885.49
2698,电子产品_968,电子产品,4388.28
2699,家居_310,家居,1059.61
2700,图书_865,图书,90.52
2701,电子产品_902,电子产品,4591.65
2702,图书_606,图书,89.46
2703,图书_611,图书,134.85
2704,服装_640,服装,899.85
2705,电子产品_469,电子产品,4735.7
2706,食品_496,食品,173.55
2707,美妆_474,美妆,459.77
2708,食品_881,食品,99.49
2709,服装_117,服装,628.63
2710,电子产品_368,电子产品,1862.97
2711,电子产品_908,电子产品,2591.9
2712,家居_743,家居,1439.63
2713,美妆_533,美妆,576.36
2714,服装_755,服装,582.91
2715,食品_384,食品,25.88
2716,服装_623,服装,928.83
2717,食品_649,食品,72.08
2718,服装_417,服装,728.81
2719,图书_159,图书,64.01
2720,美妆_218,美妆,390.03
2721,电子产品_416,电子产品,3664.32
2722,食品_222,食品,12.41
2723,食品_818,食品,12.16
2724,玩具_455,玩具,275.81
2725,家居_270,家居,775.15
2726,家居_850,家居,1778.51
2727,电子产品_443,电子产品,4228.43
2728,家居_636,家居,174.55
2729,服装_608,服装,509.68
2730,运动_156,运动,799.45
2731,食品_476,食品,39.89
2732,服装_687,服装,706.71
2733,服装_333,服装,766.7
2734,电子产品_145,电子产品,4434.76
2735,电子产品_350,电子产品,1183.93
2736,运动_492,运动,1388.32
2737,食品_978,食品,16.72
2738,美妆_329,美妆,291.35
2739,美妆_837,美妆,289.95
2740,服装_685,服装,435.53
2741,电子产品_283,电子产品,1892.74
2742,电子产品_510,电子产品,1275.71
2743,玩具_986,玩具,162.68
2744,家居_435,家居,218.45
2745,玩具_108,玩具,203.39
2746,家居_677,家居,1579.79
2747,图书_575,图书,86.29
2748,玩具_891,玩具,394.67
2749,图书_254,图书,21.15
2750,美妆_124,美妆,224.75
2751,运动_751,运动,1275.4
2752,电子产品_443,电子产品,1005.85
2753,美妆_969,美妆,603.56
2754,家居_206,家居,450.13
2755,图书_529,图书,108.57
2756,电子产品_245,电子产品,3846.61
2757,服装_144,服装,929.15
2758,美妆_817,美妆,721.68
2759,玩具_865,玩具,69.9
2760,服装_617,服装,220.16
2761,美妆_176,美妆,493.92
2762,电子产品_545,电子产品,3649.78
2763,食品_342,食品,65.42
2764,运动_920,运动,650.13
2765,运动_425,运动,733.86
2766,图书_176,图书,189.84
2767,食品_898,食品,156.33
2768,服装_259,服装,195.09
2769,玩具_577,玩具,177.6
2770,服装_648,服装,422.46
2771,图书_562,图书,75.5
2772,家居_972,家居,283.83
2773,食品_926,食品,140.35
2774,电子产品_320,电子产品,4343.7
2775,运动_251,运动,227.7
2776,图书_464,图书,91.32
2777,电子产品_793,电子产品,2195.36
2778,食品_131,食品,190.9
2779,玩具_669,玩具,381.6
2780,图书_196,图书,103.17
2781,食品_224,食品,12.27
2782,图书_233,图书,55.66
2783,美妆_481,美妆,564.71
2784,服装_696,服装,627.51
2785,服装_122,服装,997.45
2786,图书_761,图书,99.82
2787,食品_194,食品,181.96
2788,运动_225,运动,159.77
2789,玩具_151,玩具,108.95
2790,美妆_941,美妆,593.32
2791,玩具_130,玩具,209.88
2792,美妆_276,美妆,315.46
2793,食品_381,食品,63.17
2794,食品_135,食品,126.68
2795,图书_762,图书,73.12
2796,美妆_663,美妆,409.27
2797,服装_386,服装,444.71
2798,美妆_304,美妆,531.99
2799,图书_745,图书,198.94
2800,电子产品_491,电子产品,4127.66
2801,运动_591,运动,862.32
2802,玩具_452,玩具,458.96
2803,运动_497,运动,478.61
2804,电子产品_426,电子产品,3388.47
2805,电子产品_930,电子产品,4114.15
2806,电子产品_928,电子产品,4966.13
2807,运动_885,运动,917.58
2808,图书_263,图书,38.02
2809,图书_372,图书,116.06
2810,电子产品_882,电子产品,4985.57
2811,图书_689,图书,172.37
2812,美妆_463,美妆,751.4
2813,食品_280,食品,54.94
2814,运动_925,运动,1133.35
2815,运动_705,运动,139.49
2816,运动_681,运动,889.05
2817,图书_956,图书,197.84
2818,玩具_655,玩具,175.25
2819,玩具_138,玩具,72.42
2820,图书_716,图书,59.39
2821,玩具_100,玩具,185.91
2822,图书_925,图书,43.49
2823,食品_921,食品,170.41
2824,运动_160,运动,130.68
2825,食品_892,食品,31.07
2826,运动_174,运动,623.03
2827,美妆_700,美妆,125.77
2828,家居_430,家居,316.08
2829,食品_849,食品,190.25
2830,玩具_764,玩具,179.12
2831,运动_328,运动,1031.74
2832,食品_487,食品,68.3
2833,家居_230,家居,396.53
2834,电子产品_818,电子产品,4794.79
2835,美妆_971,美妆,795.71
2836,电子产品_286,电子产品,3409.55
2837,图书_754,图书,121.8
2838,玩具_244,玩具,185.65
2839,服装_343,服装,412.13
2840,运动_271,运动,990.66
2841,服装_941,服装,738.07
2842,运动_557,运动,115.95
2843,图书_355,图书,144.77
2844,运动_362,运动,1201.83
2845,电子产品_149,电子产品,2543.75
2846,美妆_270,美妆,713.41
2847,玩具_487,玩具,195.08
2848,美妆_203,美妆,671.61
2849,图书_266,图书,101.23
2850,电子产品_401,电子产品,1080.31
2851,家居_207,家居,194.69
2852,食品_484,食品,40.57
2853,服装_660,服装,947.65
2854,服装_446,服装,634.63
2855,玩具_821,玩具,44.57
2856,食品_721,食品,179.05
2857,食品_154,食品,29.24
2858,图书_294,图书,93.67
2859,家居_776,家居,598.97
2860,图书_198,图书,28.93
2861,玩具_257,玩具,55.62
2862,电子产品_537,电子产品,1350.51
2863,玩具_304,玩具,75.58
2864,图书_274,图书,134.87
2865,服装_584,服装,859.39
2866,家居_903,家居,825.06
2867,玩具_776,玩具,154.55
2868,美妆_289,美妆,328.27
2869,美妆_478,美妆,189.94
2870,电子产品_369,电子产品,2758.96
2871,家居_331,家居,1682.3
2872,电子产品_254,电子产品,4008.94
2873,服装_187,服装,701.33
2874,美妆_874,美妆,492.29
2875,电子产品_960,电子产品,2548.42
2876,美妆_648,美妆,565.3
2877,玩具_686,玩具,444.38
2878,玩具_406,玩具,67.11
2879,电子产品_614,电子产品,3284.88
2880,食品_223,食品,190.36
2881,玩具_277,玩具,476.06
2882,食品_316,食品,163.61
2883,食品_143,食品,90.44
2884,美妆_306,美妆,797.95
2885,食品_954,食品,123.06
2886,运动_844,运动,1379.84
2887,服装_189,服装,449.29
2888,美妆_665,美妆,294.6
2889,家居_632,家居,943.41
2890,电子产品_905,电子产品,3801.65
2891,美妆_215,美妆,360.83
2892,食品_680,食品,121.71
2893,服装_208,服装,606.42
2894,服装_904,服装,357.48
2895,运动_998,运动,675.25
2896,美妆_770,美妆,414.19
2897,玩具_138,玩具,110.93
2898,美妆_247,美妆,513.68
2899,美妆_139,美妆,346.84
2900,运动_807,运动,432.61
2901,玩具_375,玩具,451.6
2902,电子产品_445,电子产品,4269.54
2903,家居_418,家居,596.68
2904,玩具_978,玩具,357.21
2905,服装_989,服装,305.16
2906,家居_861,家居,914.07
2907,运动_375,运动,1120.32
2908,服装_292,服装,497.54
2909,美妆_858,美妆,413.35
2910,运动_940,运动,178.69
2911,食品_167,食品,69.11
2912,美妆_238,美妆,635.39
2913,电子产品_277,电子产品,1771.05
2914,图书_957,图书,30.37
2915,电子产品_567,电子产品,1202.24
2916,运动_821,运动,378.75
2917,运动_943,运动,749.91
2918,美妆_750,美妆,742.31
2919,电子产品_347,电子产品,2489.87
2920,玩具_281,玩具,481.44
2921,玩具_700,玩具,289.13
2922,运动_267,运动,1272.72
2923,家居_866,家居,1670.2
2924,服装_391,服装,124.71
2925,电子产品_266,电子产品,4415.29
2926,图书_977,图书,59.84
2927,图书_793,图书,57.21
2928,美妆_625,美妆,65.04
2929,电子产品_585,电子产品,4646.06
2930,食品_715,食品,162.16
2931,图书_358,图书,129.5
2932,家居_829,家居,1935.7
2933,家居_533,家居,1796.19
2934,运动_570,运动,452.8
2935,玩具_409,玩具,348.28
2936,美妆_698,美妆,126.73
2937,运动_674,运动,1006.28
2938,家居_405,家居,1384.61
2939,玩具_165,玩具,188.05
2940,家居_755,家居,684.02
2941,家居_367,家居,1329.43
2942,家居_292,家居,342.36
2943,图书_158,图书,164.98
2944,美妆_776,美妆,289.69
2945,食品_838,食品,14.84
2946,玩具_402,玩具,151.93
2947,美妆_514,美妆,341.21
2948,电子产品_697,电子产品,3832.28
2949,图书_451,图书,150.78
2950,图书_802,图书,116.23
2951,玩具_787,玩具,198.49
2952,家居_965,家居,381.47
2953,食品_400,食品,28.54
2954,食品_858,食品,59.14
2955,食品_796,食品,180.92
2956,服装_327,服装,419.76
2957,家居_530,家居,1586.78
2958,运动_480,运动,464.78
2959,家居_574,家居,1709.87
2960,玩具_154,玩具,437.2
2961,服装_583,服装,900.48
2962,服装_988,服装,712.63
2963,家居_523,家居,155.42
2964,食品_240,食品,198.55
2965,运动_519,运动,1482.07
2966,玩具_246,玩具,178.7
2967,食品_897,食品,25.35
2968,运动_746,运动,1481.3
2969,运动_749,运动,181.22
2970,玩具_380,玩具,128.41
2971,食品_690,食品,155.25
2972,玩具_904,玩具,388.88
2973,服装_232,服装,653.03
2974,美妆_513,美妆,371.77
2975,玩具_492,玩具,32.19
2976,图书_848,图书,87.16
2977,电子产品_429,电子产品,4027.39
2978,图书_118,图书,141.81
2979,图书_331,图书,144.83
2980,运动_419,运动,280.5
2981,美妆_615,美妆,491.5
2982,食品_166,食品,166.53
2983,家居_397,家居,939.06
2984,运动_544,运动,1343.16
2985,食品_450,食品,199.27
2986,玩具_467,玩具,382.55
2987,食品_931,食品,86.64
2988,图书_329,图书,150.89
2989,食品_316,食品,149.47
2990,食品_226,食品,79.65
2991,电子产品_484,电子产品,4506.18
2992,家居_889,家居,1092.73
2993,电子产品_708,电子产品,4978.72
2994,服装_769,服装,852.51
2995,电子产品_806,电子产品,1463.16
2996,玩具_489,玩具,88.09
2997,家居_585,家居,1418.64
2998,图书_811,图书,143.43
2999,电子产品_408,电子产品,2683.49
