user_id,item_id,label
0,39,1
0,13,0
0,0,0
0,18,0
0,19,0
0,16,1
0,18,0
0,30,0
0,42,0
0,40,0
0,28,1
0,24,0
0,7,0
0,13,0
0,14,0
0,35,1
0,13,0
0,18,0
0,11,0
0,4,0
0,26,1
0,19,0
0,1,0
0,31,0
0,0,0
0,25,1
0,15,0
0,33,0
0,6,0
0,5,0
0,10,1
0,31,0
0,22,0
0,44,0
0,4,0
0,34,1
0,40,0
0,4,0
0,8,0
0,1,0
0,48,1
0,1,0
0,47,0
0,3,0
0,15,0
1,32,1
1,6,0
1,43,0
1,30,0
1,35,0
1,5,1
1,17,0
1,35,0
1,33,0
1,47,0
1,18,1
1,49,0
1,10,0
1,44,0
1,16,0
1,12,1
1,26,0
1,0,0
1,17,0
1,9,0
1,11,1
1,48,0
1,40,0
1,25,0
1,44,0
1,24,1
1,13,0
1,41,0
1,1,0
1,6,0
1,3,1
1,36,0
1,45,0
1,14,0
1,47,0
2,44,1
2,49,0
2,4,0
2,43,0
2,32,0
2,48,1
2,2,0
2,42,0
2,45,0
2,15,0
2,24,1
2,9,0
2,22,0
2,6,0
2,45,0
2,25,1
2,7,0
2,26,0
2,17,0
2,35,0
2,14,1
2,45,0
2,32,0
2,34,0
2,22,0
2,21,1
2,20,0
2,35,0
2,10,0
2,38,0
2,16,1
2,38,0
2,20,0
2,35,0
2,13,0
3,25,1
3,44,0
3,2,0
3,21,0
3,12,0
3,35,1
3,10,0
3,14,0
3,26,0
3,42,0
3,32,1
3,45,0
3,29,0
3,19,0
3,15,0
3,28,1
3,23,0
3,43,0
3,48,0
3,49,0
3,9,1
3,5,0
3,11,0
3,24,0
3,47,0
3,36,1
3,46,0
3,1,0
3,0,0
3,41,0
4,20,1
4,31,0
4,2,0
4,19,0
4,45,0
4,32,1
4,34,0
4,4,0
4,46,0
4,40,0
4,41,1
4,11,0
4,43,0
4,18,0
4,9,0
4,13,1
4,23,0
4,2,0
4,26,0
4,25,0
4,5,1
4,35,0
4,14,0
4,18,0
4,3,0
4,44,1
4,4,0
4,15,0
4,39,0
4,12,0
4,30,1
4,40,0
4,34,0
4,46,0
4,17,0
5,42,1
5,30,0
5,34,0
5,14,0
5,46,0
5,32,1
5,25,0
5,1,0
5,26,0
5,5,0
5,45,1
5,30,0
5,22,0
5,3,0
5,18,0
5,20,1
5,5,0
5,3,0
5,28,0
5,35,0
5,8,1
5,24,0
5,21,0
5,31,0
5,10,0
6,37,1
6,43,0
6,6,0
6,47,0
6,35,0
6,18,1
6,21,0
6,47,0
6,43,0
6,42,0
6,32,1
6,11,0
6,30,0
6,39,0
6,25,0
6,0,1
6,29,0
6,22,0
6,9,0
6,23,0
6,45,1
6,8,0
6,16,0
6,1,0
6,36,0
7,46,1
7,41,0
7,23,0
7,45,0
7,14,0
7,21,1
7,6,0
7,35,0
7,1,0
7,12,0
7,36,1
7,23,0
7,38,0
7,48,0
7,33,0
7,3,1
7,6,0
7,15,0
7,11,0
7,22,0
7,27,1
7,22,0
7,10,0
7,23,0
7,24,0
7,13,1
7,11,0
7,20,0
7,42,0
7,15,0
7,37,1
7,38,0
7,34,0
7,29,0
7,5,0
8,5,1
8,46,0
8,30,0
8,10,0
8,27,0
8,34,1
8,41,0
8,29,0
8,26,0
8,38,0
8,39,1
8,11,0
8,13,0
8,14,0
8,43,0
8,35,1
8,1,0
8,9,0
8,49,0
8,0,0
8,16,1
8,31,0
8,14,0
8,38,0
8,3,0
8,36,1
8,17,0
8,7,0
8,9,0
8,24,0
8,28,1
8,44,0
8,33,0
8,24,0
8,9,0
9,36,1
9,1,0
9,27,0
9,28,0
9,17,0
9,11,1
9,7,0
9,40,0
9,24,0
9,42,0
9,41,1
9,2,0
9,8,0
9,14,0
9,19,0
10,10,1
10,43,0
10,35,0
10,8,0
10,33,0
10,36,1
10,48,0
10,31,0
10,17,0
10,49,0
11,3,1
11,17,0
11,5,0
11,9,0
11,36,0
11,45,1
11,21,0
11,17,0
11,14,0
11,23,0
11,49,1
11,1,0
11,9,0
11,31,0
11,46,0
11,20,1
11,12,0
11,10,0
11,46,0
11,29,0
11,16,1
11,27,0
11,47,0
11,43,0
11,30,0
11,24,1
11,36,0
11,5,0
11,0,0
11,19,0
11,15,1
11,28,0
11,47,0
11,44,0
11,2,0
11,22,1
11,46,0
11,8,0
11,48,0
11,4,0
11,34,1
11,33,0
11,13,0
11,37,0
11,1,0
12,37,1
12,30,0
12,33,0
12,19,0
12,14,0
12,9,1
12,0,0
12,22,0
12,49,0
12,8,0
12,6,1
12,41,0
12,46,0
12,26,0
12,30,0
12,38,1
12,11,0
12,43,0
12,28,0
12,13,0
12,15,1
12,44,0
12,41,0
12,17,0
12,10,0
13,4,1
13,24,0
13,5,0
13,18,0
13,16,0
13,1,1
13,37,0
13,33,0
13,12,0
13,24,0
13,48,1
13,44,0
13,14,0
13,3,0
13,31,0
13,39,1
13,17,0
13,45,0
13,20,0
13,23,0
13,2,1
13,11,0
13,5,0
13,23,0
13,36,0
14,7,1
14,12,0
14,39,0
14,14,0
14,41,0
14,5,1
14,13,0
14,18,0
14,8,0
14,0,0
14,36,1
14,45,0
14,21,0
14,30,0
14,25,0
14,10,1
14,42,0
14,2,0
14,17,0
14,15,0
14,38,1
14,31,0
14,28,0
14,4,0
14,1,0
15,20,1
15,35,0
15,23,0
15,28,0
15,42,0
15,48,1
15,26,0
15,39,0
15,12,0
15,49,0
15,8,1
15,4,0
15,9,0
15,23,0
15,35,0
15,44,1
15,27,0
15,12,0
15,9,0
15,22,0
15,33,1
15,28,0
15,21,0
15,6,0
15,3,0
15,34,1
15,22,0
15,6,0
15,49,0
15,26,0
15,0,1
15,29,0
15,21,0
15,5,0
15,18,0
16,39,1
16,10,0
16,29,0
16,0,0
16,47,0
16,28,1
16,3,0
16,22,0
16,44,0
16,26,0
16,33,1
16,0,0
16,37,0
16,2,0
16,7,0
16,19,1
16,30,0
16,4,0
16,48,0
16,34,0
16,16,1
16,17,0
16,13,0
16,47,0
16,27,0
16,21,1
16,20,0
16,34,0
16,25,0
16,9,0
16,14,1
16,2,0
16,1,0
16,36,0
16,40,0
16,6,1
16,18,0
16,30,0
16,44,0
16,22,0
17,7,1
17,25,0
17,24,0
17,40,0
17,37,0
17,4,1
17,11,0
17,6,0
17,49,0
17,16,0
17,28,1
17,29,0
17,46,0
17,13,0
17,41,0
17,47,1
17,24,0
17,13,0
17,43,0
17,40,0
17,36,1
17,34,0
17,0,0
17,11,0
17,32,0
17,14,1
17,9,0
17,46,0
17,3,0
17,44,0
18,47,1
18,25,0
18,26,0
18,24,0
18,3,0
18,8,1
18,24,0
18,26,0
18,28,0
18,12,0
18,40,1
18,48,0
18,29,0
18,49,0
18,16,0
18,2,1
18,21,0
18,46,0
18,6,0
18,22,0
18,44,1
18,24,0
18,42,0
18,3,0
18,10,0
18,20,1
18,4,0
18,9,0
18,32,0
18,19,0
18,18,1
18,10,0
18,14,0
18,9,0
18,17,0
18,41,1
18,35,0
18,4,0
18,15,0
18,30,0
18,33,1
18,31,0
18,1,0
18,22,0
18,3,0
19,20,1
19,49,0
19,18,0
19,15,0
19,10,0
19,34,1
19,33,0
19,5,0
19,17,0
19,25,0
19,27,1
19,7,0
19,30,0
19,8,0
19,5,0
19,37,1
19,17,0
19,22,0
19,7,0
19,9,0
20,43,1
20,22,0
20,8,0
20,23,0
20,26,0
20,29,1
20,0,0
20,17,0
20,22,0
20,15,0
20,1,1
20,9,0
20,35,0
20,39,0
20,15,0
20,49,1
20,32,0
20,20,0
20,4,0
20,13,0
20,28,1
20,11,0
20,38,0
20,31,0
20,15,0
20,34,1
20,32,0
20,15,0
20,21,0
20,20,0
21,5,1
21,34,0
21,16,0
21,15,0
21,48,0
21,23,1
21,3,0
21,8,0
21,17,0
21,42,0
21,18,1
21,24,0
21,6,0
21,44,0
21,41,0
22,24,1
22,46,0
22,35,0
22,9,0
22,47,0
22,29,1
22,26,0
22,9,0
22,28,0
22,20,0
22,23,1
22,1,0
22,19,0
22,10,0
22,40,0
22,41,1
22,34,0
22,40,0
22,28,0
22,17,0
22,25,1
22,48,0
22,34,0
22,42,0
22,27,0
22,49,1
22,21,0
22,8,0
22,47,0
22,33,0
22,36,1
22,0,0
22,12,0
22,21,0
22,10,0
22,14,1
22,27,0
22,43,0
22,1,0
22,34,0
23,33,1
23,17,0
23,40,0
23,29,0
23,8,0
23,30,1
23,8,0
23,35,0
23,26,0
23,42,0
23,19,1
23,42,0
23,47,0
23,23,0
23,17,0
23,21,1
23,37,0
23,36,0
23,25,0
23,26,0
23,39,1
23,48,0
23,49,0
23,23,0
23,42,0
23,0,1
23,1,0
23,34,0
23,15,0
23,41,0
23,3,1
23,6,0
23,29,0
23,9,0
23,24,0
23,46,1
23,25,0
23,40,0
23,43,0
23,26,0
24,48,1
24,45,0
24,5,0
24,27,0
24,7,0
24,18,1
24,22,0
24,24,0
24,15,0
24,17,0
24,23,1
24,34,0
24,19,0
24,29,0
24,25,0
24,44,1
24,32,0
24,39,0
24,8,0
24,38,0
24,43,1
24,47,0
24,15,0
24,13,0
24,38,0
24,37,1
24,16,0
24,2,0
24,8,0
24,47,0
25,48,1
25,23,0
25,47,0
25,19,0
25,21,0
25,34,1
25,44,0
25,39,0
25,32,0
25,42,0
25,18,1
25,32,0
25,35,0
25,40,0
25,37,0
25,6,1
25,32,0
25,20,0
25,8,0
25,37,0
25,38,1
25,42,0
25,20,0
25,7,0
25,28,0
25,26,1
25,45,0
25,12,0
25,39,0
25,33,0
26,13,1
26,12,0
26,21,0
26,15,0
26,18,0
26,46,1
26,1,0
26,0,0
26,25,0
26,17,0
26,30,1
26,6,0
26,5,0
26,24,0
26,48,0
26,31,1
26,14,0
26,3,0
26,40,0
26,4,0
26,49,1
26,33,0
26,6,0
26,8,0
26,4,0
26,2,1
26,40,0
26,6,0
26,37,0
26,7,0
27,4,1
27,31,0
27,21,0
27,22,0
27,26,0
27,3,1
27,18,0
27,5,0
27,33,0
27,41,0
27,37,1
27,40,0
27,49,0
27,45,0
27,30,0
27,12,1
27,33,0
27,16,0
27,34,0
27,28,0
27,2,1
27,46,0
27,44,0
27,42,0
27,35,0
27,17,1
27,25,0
27,40,0
27,33,0
27,5,0
28,13,1
28,45,0
28,16,0
28,12,0
28,39,0
28,35,1
28,3,0
28,37,0
28,2,0
28,24,0
28,42,1
28,25,0
28,6,0
28,18,0
28,37,0
28,31,1
28,6,0
28,47,0
28,45,0
28,33,0
29,20,1
29,38,0
29,8,0
29,13,0
29,18,0
29,35,1
29,34,0
29,5,0
29,36,0
29,31,0
29,45,1
29,13,0
29,16,0
29,14,0
29,1,0
29,7,1
29,26,0
29,12,0
29,41,0
29,32,0
29,23,1
29,41,0
29,18,0
29,39,0
29,31,0
29,9,1
29,13,0
29,26,0
29,30,0
29,32,0
29,28,1
29,24,0
29,44,0
29,47,0
29,11,0
30,24,1
30,3,0
30,12,0
30,10,0
30,26,0
31,32,1
31,20,0
31,38,0
31,16,0
31,15,0
31,39,1
31,20,0
31,34,0
31,48,0
31,2,0
31,41,1
31,10,0
31,18,0
31,20,0
31,22,0
31,27,1
31,22,0
31,43,0
31,48,0
31,35,0
31,6,1
31,14,0
31,8,0
31,48,0
31,26,0
31,4,1
31,43,0
31,48,0
31,3,0
31,1,0
31,42,1
31,34,0
31,18,0
31,25,0
31,19,0
32,10,1
32,41,0
32,31,0
32,33,0
32,45,0
32,34,1
32,39,0
32,16,0
32,2,0
32,40,0
32,44,1
32,9,0
32,45,0
32,39,0
32,14,0
32,37,1
32,32,0
32,21,0
32,35,0
32,1,0
32,6,1
32,40,0
32,42,0
32,48,0
32,1,0
32,49,1
32,45,0
32,0,0
32,31,0
32,41,0
32,27,1
32,43,0
32,26,0
32,30,0
32,16,0
32,38,1
32,13,0
32,17,0
32,43,0
32,0,0
32,20,1
32,25,0
32,1,0
32,32,0
32,15,0
32,4,1
32,15,0
32,16,0
32,42,0
32,2,0
33,43,1
33,40,0
33,28,0
33,14,0
33,4,0
33,24,1
33,28,0
33,0,0
33,7,0
33,9,0
33,35,1
33,41,0
33,19,0
33,28,0
33,11,0
33,29,1
33,25,0
33,20,0
33,14,0
33,37,0
34,25,1
34,40,0
34,8,0
34,47,0
34,31,0
34,13,1
34,32,0
34,39,0
34,19,0
34,5,0
34,29,1
34,42,0
34,35,0
34,7,0
34,43,0
34,37,1
34,48,0
34,34,0
34,42,0
34,44,0
34,18,1
34,30,0
34,33,0
34,12,0
34,21,0
35,36,1
35,11,0
35,21,0
35,44,0
35,38,0
35,28,1
35,25,0
35,33,0
35,38,0
35,1,0
35,8,1
35,12,0
35,37,0
35,24,0
35,22,0
35,29,1
35,48,0
35,20,0
35,19,0
35,42,0
35,31,1
35,14,0
35,26,0
35,35,0
35,40,0
35,17,1
35,1,0
35,5,0
35,2,0
35,26,0
35,43,1
35,7,0
35,10,0
35,30,0
35,41,0
36,7,1
36,21,0
36,41,0
36,13,0
36,6,0
36,25,1
36,18,0
36,46,0
36,14,0
36,5,0
36,48,1
36,9,0
36,32,0
36,31,0
36,40,0
37,5,1
37,34,0
37,30,0
37,3,0
37,14,0
37,40,1
37,29,0
37,15,0
37,6,0
37,0,0
37,22,1
37,35,0
37,36,0
37,8,0
37,32,0
37,33,1
37,49,0
37,2,0
37,13,0
37,9,0
37,23,1
37,18,0
37,3,0
37,34,0
37,19,0
37,24,1
37,47,0
37,27,0
37,0,0
37,43,0
38,10,1
38,25,0
38,37,0
38,23,0
38,47,0
38,42,1
38,30,0
38,26,0
38,17,0
38,7,0
38,6,1
38,31,0
38,13,0
38,25,0
38,30,0
38,8,1
38,1,0
38,44,0
38,2,0
38,35,0
38,24,1
38,30,0
38,7,0
38,21,0
38,45,0
38,19,1
38,18,0
38,11,0
38,14,0
38,13,0
38,48,1
38,30,0
38,47,0
38,28,0
38,22,0
38,40,1
38,29,0
38,37,0
38,16,0
38,27,0
39,14,1
39,31,0
39,30,0
39,49,0
39,27,0
39,1,1
39,49,0
39,12,0
39,37,0
39,44,0
39,33,1
39,48,0
39,16,0
39,38,0
39,28,0
40,49,1
40,21,0
40,42,0
40,7,0
40,18,0
40,36,1
40,28,0
40,0,0
40,17,0
40,35,0
41,36,1
41,41,0
41,14,0
41,0,0
41,4,0
41,5,1
41,23,0
41,12,0
41,21,0
41,8,0
41,1,1
41,38,0
41,24,0
41,46,0
41,22,0
41,43,1
41,48,0
41,19,0
41,47,0
41,45,0
41,40,1
41,16,0
41,15,0
41,2,0
41,45,0
42,26,1
42,14,0
42,7,0
42,43,0
42,0,0
42,37,1
42,10,0
42,1,0
42,19,0
42,29,0
42,17,1
42,45,0
42,31,0
42,13,0
42,41,0
43,11,1
43,37,0
43,46,0
43,26,0
43,8,0
43,9,1
43,15,0
43,10,0
43,6,0
43,46,0
43,39,1
43,14,0
43,17,0
43,42,0
43,22,0
43,30,1
43,40,0
43,14,0
43,22,0
43,10,0
43,4,1
43,3,0
43,10,0
43,32,0
43,45,0
43,36,1
43,34,0
43,22,0
43,5,0
43,41,0
44,8,1
44,47,0
44,37,0
44,29,0
44,21,0
44,9,1
44,0,0
44,17,0
44,24,0
44,44,0
44,16,1
44,15,0
44,25,0
44,33,0
44,30,0
44,19,1
44,11,0
44,23,0
44,28,0
44,12,0
44,22,1
44,43,0
44,14,0
44,38,0
44,12,0
44,36,1
44,43,0
44,27,0
44,2,0
44,29,0
45,31,1
45,9,0
45,3,0
45,40,0
45,1,0
45,20,1
45,30,0
45,37,0
45,34,0
45,5,0
45,0,1
45,37,0
45,6,0
45,21,0
45,9,0
45,16,1
45,8,0
45,39,0
45,33,0
45,27,0
46,27,1
46,17,0
46,40,0
46,3,0
46,30,0
46,0,1
46,43,0
46,31,0
46,20,0
46,46,0
46,14,1
46,18,0
46,3,0
46,38,0
46,37,0
46,19,1
46,38,0
46,6,0
46,28,0
46,44,0
46,5,1
46,32,0
46,13,0
46,8,0
46,46,0
46,1,1
46,35,0
46,4,0
46,15,0
46,31,0
46,2,1
46,25,0
46,21,0
46,35,0
46,8,0
46,39,1
46,36,0
46,34,0
46,48,0
46,18,0
47,0,1
47,17,0
47,35,0
47,8,0
47,11,0
47,41,1
47,38,0
47,9,0
47,47,0
47,28,0
47,27,1
47,10,0
47,26,0
47,11,0
47,13,0
47,48,1
47,43,0
47,24,0
47,26,0
47,46,0
47,29,1
47,44,0
47,31,0
47,11,0
47,32,0
47,2,1
47,24,0
47,19,0
47,6,0
47,44,0
47,36,1
47,4,0
47,21,0
47,24,0
47,17,0
48,2,1
48,29,0
48,31,0
48,10,0
48,0,0
48,7,1
48,44,0
48,4,0
48,18,0
48,12,0
48,41,1
48,34,0
48,28,0
48,37,0
48,22,0
48,23,1
48,15,0
48,38,0
48,8,0
48,18,0
48,43,1
48,27,0
48,29,0
48,44,0
48,34,0
48,24,1
48,12,0
48,19,0
48,47,0
48,38,0
49,10,1
49,35,0
49,9,0
49,28,0
49,19,0
49,43,1
49,41,0
49,32,0
49,21,0
49,3,0
49,22,1
49,38,0
49,15,0
49,11,0
49,0,0
49,36,1
49,21,0
49,48,0
49,5,0
49,44,0
49,39,1
49,11,0
49,3,0
49,15,0
49,31,0
50,3,1
50,39,0
50,31,0
50,18,0
50,38,0
50,29,1
50,15,0
50,18,0
50,46,0
50,22,0
50,6,1
50,34,0
50,12,0
50,4,0
50,33,0
50,26,1
50,22,0
50,9,0
50,0,0
50,21,0
50,32,1
50,12,0
50,34,0
50,16,0
50,37,0
50,28,1
50,10,0
50,37,0
50,43,0
50,22,0
50,42,1
50,22,0
50,9,0
50,37,0
50,47,0
50,24,1
50,17,0
50,1,0
50,0,0
50,14,0
51,33,1
51,9,0
51,46,0
51,47,0
51,32,0
51,14,1
51,3,0
51,2,0
51,13,0
51,46,0
51,7,1
51,16,0
51,12,0
51,0,0
51,8,0
51,25,1
51,16,0
51,13,0
51,0,0
51,24,0
51,10,1
51,36,0
51,6,0
51,23,0
51,47,0
51,35,1
51,46,0
51,40,0
51,31,0
51,2,0
51,11,1
51,1,0
51,46,0
51,30,0
51,32,0
52,36,1
52,12,0
52,31,0
52,27,0
52,34,0
52,3,1
52,1,0
52,5,0
52,43,0
52,20,0
52,29,1
52,28,0
52,0,0
52,38,0
52,14,0
52,4,1
52,7,0
52,43,0
52,28,0
52,16,0
52,13,1
52,49,0
52,19,0
52,8,0
52,28,0
52,11,1
52,16,0
52,12,0
52,23,0
52,24,0
52,9,1
52,32,0
52,41,0
52,49,0
52,34,0
53,2,1
53,33,0
53,21,0
53,26,0
53,41,0
53,5,1
53,46,0
53,7,0
53,30,0
53,34,0
53,39,1
53,34,0
53,45,0
53,13,0
53,0,0
53,48,1
53,34,0
53,40,0
53,9,0
53,13,0
53,22,1
53,35,0
53,1,0
53,34,0
53,3,0
53,28,1
53,46,0
53,47,0
53,10,0
53,41,0
53,16,1
53,35,0
53,0,0
53,29,0
53,46,0
54,14,1
54,3,0
54,5,0
54,36,0
54,16,0
54,8,1
54,5,0
54,25,0
54,13,0
54,7,0
54,39,1
54,15,0
54,16,0
54,19,0
54,40,0
54,1,1
54,17,0
54,21,0
54,5,0
54,27,0
55,12,1
55,10,0
55,40,0
55,32,0
55,28,0
55,13,1
55,41,0
55,23,0
55,18,0
55,45,0
55,4,1
55,14,0
55,35,0
55,2,0
55,3,0
55,34,1
55,40,0
55,21,0
55,43,0
55,24,0
56,9,1
56,15,0
56,40,0
56,5,0
56,21,0
56,16,1
56,49,0
56,29,0
56,18,0
56,31,0
56,22,1
56,19,0
56,5,0
56,31,0
56,10,0
56,44,1
56,17,0
56,27,0
56,21,0
56,46,0
56,38,1
56,28,0
56,6,0
56,21,0
56,19,0
56,8,1
56,25,0
56,40,0
56,14,0
56,20,0
57,30,1
57,21,0
57,29,0
57,14,0
57,34,0
57,46,1
57,15,0
57,7,0
57,42,0
57,23,0
57,17,1
57,31,0
57,24,0
57,13,0
57,12,0
57,33,1
57,34,0
57,3,0
57,35,0
57,37,0
57,5,1
57,11,0
57,21,0
57,1,0
57,15,0
57,45,1
57,3,0
57,11,0
57,40,0
57,25,0
57,39,1
57,28,0
57,4,0
57,29,0
57,20,0
57,36,1
57,38,0
57,11,0
57,25,0
57,16,0
58,39,1
58,0,0
58,33,0
58,7,0
58,45,0
58,26,1
58,8,0
58,11,0
58,5,0
58,25,0
58,9,1
58,3,0
58,14,0
58,16,0
58,24,0
58,17,1
58,48,0
58,47,0
58,40,0
58,45,0
58,35,1
58,48,0
58,22,0
58,2,0
58,27,0
58,46,1
58,14,0
58,10,0
58,37,0
58,25,0
59,3,1
59,36,0
59,16,0
59,49,0
59,5,0
59,23,1
59,27,0
59,34,0
59,8,0
59,18,0
59,43,1
59,11,0
59,0,0
59,35,0
59,12,0
59,19,1
59,28,0
59,7,0
59,20,0
59,1,0
59,42,1
59,1,0
59,46,0
59,48,0
59,12,0
59,17,1
59,7,0
59,14,0
59,15,0
59,13,0
59,29,1
59,11,0
59,41,0
59,18,0
59,34,0
60,48,1
60,12,0
60,5,0
60,26,0
60,19,0
60,0,1
60,35,0
60,43,0
60,2,0
60,31,0
60,46,1
60,30,0
60,28,0
60,26,0
60,10,0
60,7,1
60,31,0
60,19,0
60,40,0
60,4,0
60,41,1
60,13,0
60,37,0
60,28,0
60,31,0
60,33,1
60,26,0
60,1,0
60,9,0
60,37,0
60,34,1
60,45,0
60,43,0
60,36,0
60,35,0
61,1,1
61,8,0
61,37,0
61,9,0
61,41,0
61,19,1
61,40,0
61,43,0
61,49,0
61,32,0
61,10,1
61,30,0
61,42,0
61,36,0
61,5,0
61,12,1
61,30,0
61,47,0
61,40,0
61,31,0
61,17,1
61,38,0
61,8,0
61,46,0
61,14,0
61,4,1
61,0,0
61,26,0
61,27,0
61,34,0
61,44,1
61,21,0
61,41,0
61,47,0
61,33,0
61,7,1
61,18,0
61,37,0
61,28,0
61,14,0
61,3,1
61,47,0
61,16,0
61,42,0
61,14,0
61,35,1
61,30,0
61,20,0
61,33,0
61,41,0
61,22,1
61,33,0
61,16,0
61,0,0
61,29,0
62,9,1
62,12,0
62,38,0
62,45,0
62,29,0
62,7,1
62,28,0
62,13,0
62,48,0
62,43,0
62,3,1
62,27,0
62,17,0
62,12,0
62,33,0
62,22,1
62,26,0
62,18,0
62,0,0
62,42,0
62,25,1
62,8,0
62,42,0
62,36,0
62,23,0
62,21,1
62,16,0
62,36,0
62,45,0
62,4,0
62,34,1
62,33,0
62,49,0
62,2,0
62,30,0
63,47,1
63,4,0
63,20,0
63,31,0
63,2,0
63,5,1
63,31,0
63,9,0
63,2,0
63,16,0
63,23,1
63,35,0
63,26,0
63,30,0
63,36,0
63,46,1
63,22,0
63,44,0
63,11,0
63,28,0
64,33,1
64,4,0
64,38,0
64,0,0
64,27,0
64,32,1
64,40,0
64,12,0
64,15,0
64,9,0
64,16,1
64,40,0
64,9,0
64,8,0
64,4,0
64,14,1
64,13,0
64,6,0
64,48,0
64,28,0
65,21,1
65,43,0
65,25,0
65,36,0
65,35,0
65,15,1
65,39,0
65,48,0
65,6,0
65,32,0
65,1,1
65,18,0
65,10,0
65,44,0
65,7,0
65,42,1
65,31,0
65,22,0
65,35,0
65,9,0
66,25,1
66,45,0
66,21,0
66,27,0
66,35,0
66,7,1
66,32,0
66,29,0
66,8,0
66,4,0
66,18,1
66,6,0
66,40,0
66,38,0
66,5,0
66,1,1
66,33,0
66,27,0
66,49,0
66,17,0
66,46,1
66,32,0
66,42,0
66,8,0
66,27,0
67,30,1
67,13,0
67,49,0
67,19,0
67,32,0
67,1,1
67,29,0
67,17,0
67,39,0
67,44,0
67,21,1
67,38,0
67,31,0
67,11,0
67,49,0
68,10,1
68,29,0
68,22,0
68,28,0
68,3,0
68,20,1
68,18,0
68,35,0
68,32,0
68,40,0
68,7,1
68,31,0
68,48,0
68,30,0
68,37,0
68,4,1
68,35,0
68,19,0
68,29,0
68,8,0
68,25,1
68,0,0
68,24,0
68,40,0
68,44,0
68,39,1
68,14,0
68,18,0
68,44,0
68,29,0
68,43,1
68,24,0
68,5,0
68,33,0
68,22,0
69,1,1
69,2,0
69,49,0
69,17,0
69,37,0
69,48,1
69,6,0
69,28,0
69,29,0
69,36,0
69,0,1
69,12,0
69,41,0
69,9,0
69,30,0
69,22,1
69,16,0
69,38,0
69,36,0
69,4,0
70,48,1
70,28,0
70,1,0
70,38,0
70,24,0
70,34,1
70,35,0
70,45,0
70,17,0
70,14,0
70,36,1
70,3,0
70,0,0
70,4,0
70,16,0
71,39,1
71,30,0
71,43,0
71,49,0
71,33,0
71,8,1
71,38,0
71,6,0
71,28,0
71,10,0
71,25,1
71,10,0
71,37,0
71,41,0
71,29,0
71,26,1
71,11,0
71,33,0
71,4,0
71,22,0
72,14,1
72,30,0
72,8,0
72,11,0
72,27,0
72,13,1
72,19,0
72,33,0
72,47,0
72,37,0
72,45,1
72,19,0
72,25,0
72,30,0
72,44,0
72,38,1
72,12,0
72,31,0
72,47,0
72,16,0
73,1,1
73,22,0
73,19,0
73,45,0
73,32,0
73,44,1
73,6,0
73,40,0
73,18,0
73,48,0
73,8,1
73,16,0
73,49,0
73,31,0
73,36,0
73,0,1
73,40,0
73,45,0
73,46,0
73,30,0
73,2,1
73,14,0
73,18,0
73,23,0
73,7,0
73,5,1
73,10,0
73,24,0
73,25,0
73,42,0
74,40,1
74,43,0
74,16,0
74,2,0
74,20,0
74,36,1
74,37,0
74,43,0
74,46,0
74,42,0
74,23,1
74,19,0
74,43,0
74,15,0
74,16,0
74,28,1
74,49,0
74,37,0
74,41,0
74,4,0
74,31,1
74,32,0
74,11,0
74,41,0
74,20,0
75,29,1
75,16,0
75,30,0
75,13,0
75,5,0
75,31,1
75,0,0
75,21,0
75,11,0
75,38,0
75,1,1
75,20,0
75,8,0
75,34,0
75,16,0
75,19,1
75,49,0
75,48,0
75,32,0
75,3,0
76,2,1
76,24,0
76,9,0
76,43,0
76,30,0
76,11,1
76,41,0
76,6,0
76,10,0
76,20,0
76,23,1
76,40,0
76,31,0
76,18,0
76,4,0
76,27,1
76,28,0
76,7,0
76,49,0
76,45,0
77,13,1
77,11,0
77,2,0
77,40,0
77,7,0
77,16,1
77,48,0
77,40,0
77,7,0
77,28,0
77,32,1
77,36,0
77,21,0
77,22,0
77,46,0
77,33,1
77,25,0
77,41,0
77,26,0
77,24,0
78,39,1
78,8,0
78,4,0
78,14,0
78,29,0
78,10,1
78,41,0
78,30,0
78,4,0
78,33,0
78,35,1
78,41,0
78,21,0
78,46,0
78,49,0
79,30,1
79,47,0
79,35,0
79,28,0
79,21,0
79,37,1
79,18,0
79,15,0
79,28,0
79,23,0
79,0,1
79,34,0
79,16,0
79,32,0
79,15,0
79,19,1
79,22,0
79,28,0
79,14,0
79,35,0
79,17,1
79,24,0
79,35,0
79,49,0
79,8,0
80,37,1
80,43,0
80,12,0
80,48,0
80,5,0
80,40,1
80,32,0
80,22,0
80,6,0
80,29,0
80,39,1
80,44,0
80,11,0
80,15,0
80,23,0
81,34,1
81,37,0
81,28,0
81,26,0
81,47,0
81,17,1
81,13,0
81,18,0
81,47,0
81,38,0
81,29,1
81,45,0
81,33,0
81,15,0
81,37,0
81,44,1
81,2,0
81,38,0
81,25,0
81,33,0
82,18,1
82,22,0
82,2,0
82,10,0
82,5,0
82,38,1
82,20,0
82,10,0
82,35,0
82,13,0
83,19,1
83,35,0
83,48,0
83,10,0
83,41,0
83,46,1
83,36,0
83,29,0
83,31,0
83,11,0
83,18,1
83,31,0
83,43,0
83,41,0
83,36,0
83,30,1
83,36,0
83,39,0
83,47,0
83,44,0
83,12,1
83,26,0
83,45,0
83,3,0
83,43,0
84,23,1
84,17,0
84,32,0
84,47,0
84,35,0
84,6,1
84,2,0
84,47,0
84,0,0
84,30,0
84,41,1
84,49,0
84,29,0
84,27,0
84,45,0
84,43,1
84,29,0
84,20,0
84,33,0
84,38,0
84,8,1
84,5,0
84,33,0
84,15,0
84,34,0
85,13,1
85,27,0
85,21,0
85,43,0
85,42,0
85,32,1
85,18,0
85,42,0
85,17,0
85,14,0
85,45,1
85,26,0
85,47,0
85,44,0
85,31,0
85,9,1
85,29,0
85,3,0
85,23,0
85,31,0
85,10,1
85,19,0
85,6,0
85,31,0
85,38,0
85,25,1
85,23,0
85,29,0
85,33,0
85,35,0
85,20,1
85,36,0
85,39,0
85,8,0
85,37,0
85,16,1
85,43,0
85,40,0
85,18,0
85,0,0
85,24,1
85,8,0
85,29,0
85,23,0
85,19,0
86,41,1
86,40,0
86,33,0
86,35,0
86,3,0
86,8,1
86,32,0
86,15,0
86,26,0
86,21,0
86,42,1
86,15,0
86,1,0
86,21,0
86,14,0
86,22,1
86,5,0
86,28,0
86,2,0
86,34,0
86,44,1
86,29,0
86,9,0
86,23,0
86,47,0
86,45,1
86,47,0
86,48,0
86,35,0
86,6,0
86,20,1
86,7,0
86,26,0
86,19,0
86,46,0
87,5,1
87,29,0
87,36,0
87,40,0
87,15,0
87,21,1
87,6,0
87,30,0
87,22,0
87,17,0
87,0,1
87,24,0
87,14,0
87,48,0
87,1,0
87,28,1
87,43,0
87,45,0
87,4,0
87,42,0
87,39,1
87,10,0
87,29,0
87,30,0
87,19,0
88,8,1
88,19,0
88,6,0
88,49,0
88,40,0
88,44,1
88,6,0
88,17,0
88,20,0
88,22,0
88,4,1
88,45,0
88,37,0
88,43,0
88,0,0
88,11,1
88,43,0
88,27,0
88,15,0
88,36,0
88,28,1
88,21,0
88,30,0
88,16,0
88,25,0
88,42,1
88,17,0
88,26,0
88,31,0
88,23,0
88,29,1
88,26,0
88,6,0
88,32,0
88,25,0
88,39,1
88,27,0
88,17,0
88,5,0
88,46,0
88,38,1
88,10,0
88,14,0
88,12,0
88,25,0
89,25,1
89,13,0
89,6,0
89,12,0
89,35,0
89,22,1
89,15,0
89,39,0
89,40,0
89,41,0
89,46,1
89,26,0
89,27,0
89,16,0
89,30,0
89,5,1
89,23,0
89,16,0
89,34,0
89,21,0
89,7,1
89,43,0
89,1,0
89,39,0
89,47,0
89,9,1
89,48,0
89,13,0
89,47,0
89,4,0
89,28,1
89,49,0
89,26,0
89,34,0
89,12,0
89,11,1
89,19,0
89,47,0
89,32,0
89,18,0
89,42,1
89,6,0
89,17,0
89,1,0
89,36,0
89,0,1
89,48,0
89,36,0
89,21,0
89,17,0
90,30,1
90,1,0
90,32,0
90,37,0
90,11,0
90,31,1
90,27,0
90,13,0
90,4,0
90,26,0
90,7,1
90,44,0
90,9,0
90,39,0
90,5,0
91,35,1
91,44,0
91,19,0
91,7,0
91,30,0
91,32,1
91,45,0
91,39,0
91,24,0
91,47,0
91,14,1
91,15,0
91,43,0
91,19,0
91,20,0
91,46,1
91,44,0
91,7,0
91,0,0
91,16,0
91,26,1
91,21,0
91,2,0
91,29,0
91,16,0
91,31,1
91,41,0
91,15,0
91,12,0
91,9,0
91,38,1
91,40,0
91,41,0
91,28,0
91,25,0
91,27,1
91,36,0
91,18,0
91,37,0
91,49,0
91,8,1
91,28,0
91,29,0
91,24,0
91,0,0
91,23,1
91,1,0
91,10,0
91,36,0
91,15,0
92,46,1
92,26,0
92,25,0
92,16,0
92,7,0
92,49,1
92,41,0
92,21,0
92,29,0
92,30,0
92,39,1
92,47,0
92,10,0
92,48,0
92,43,0
92,44,1
92,42,0
92,7,0
92,2,0
92,45,0
92,13,1
92,6,0
92,45,0
92,30,0
92,34,0
92,36,1
92,14,0
92,32,0
92,7,0
92,9,0
92,33,1
92,7,0
92,14,0
92,22,0
92,17,0
93,32,1
93,42,0
93,20,0
93,0,0
93,39,0
93,6,1
93,10,0
93,15,0
93,18,0
93,36,0
93,30,1
93,33,0
93,26,0
93,7,0
93,45,0
93,8,1
93,13,0
93,14,0
93,12,0
93,2,0
94,19,1
94,27,0
94,17,0
94,44,0
94,10,0
94,30,1
94,20,0
94,48,0
94,25,0
94,41,0
94,35,1
94,28,0
94,8,0
94,21,0
94,14,0
94,33,1
94,8,0
94,10,0
94,38,0
94,21,0
94,6,1
94,18,0
94,45,0
94,22,0
94,46,0
94,31,1
94,34,0
94,12,0
94,26,0
94,43,0
95,41,1
95,18,0
95,39,0
95,20,0
95,22,0
95,46,1
95,28,0
95,49,0
95,38,0
95,17,0
95,37,1
95,7,0
95,49,0
95,31,0
95,29,0
95,11,1
95,32,0
95,28,0
95,4,0
95,45,0
95,24,1
95,2,0
95,4,0
95,14,0
95,3,0
95,26,1
95,6,0
95,47,0
95,22,0
95,8,0
95,48,1
95,42,0
95,22,0
95,0,0
95,30,0
95,43,1
95,36,0
95,32,0
95,40,0
95,0,0
95,33,1
95,5,0
95,13,0
95,45,0
95,23,0
96,4,1
96,47,0
96,45,0
96,30,0
96,36,0
96,42,1
96,33,0
96,41,0
96,39,0
96,1,0
96,43,1
96,48,0
96,1,0
96,31,0
96,15,0
96,25,1
96,9,0
96,41,0
96,6,0
96,7,0
96,0,1
96,27,0
96,39,0
96,6,0
96,9,0
96,22,1
96,41,0
96,13,0
96,45,0
96,21,0
97,22,1
97,37,0
97,28,0
97,24,0
97,14,0
97,6,1
97,30,0
97,25,0
97,28,0
97,47,0
97,8,1
97,43,0
97,27,0
97,41,0
97,29,0
97,38,1
97,43,0
97,32,0
97,42,0
97,5,0
98,38,1
98,33,0
98,20,0
98,35,0
98,15,0
98,22,1
98,20,0
98,18,0
98,7,0
98,10,0
98,23,1
98,17,0
98,48,0
98,15,0
98,44,0
98,19,1
98,29,0
98,15,0
98,41,0
98,4,0
98,31,1
98,41,0
98,39,0
98,12,0
98,49,0
98,28,1
98,40,0
98,8,0
98,20,0
98,32,0
98,42,1
98,27,0
98,34,0
98,1,0
98,45,0
98,47,1
98,8,0
98,41,0
98,35,0
98,43,0
98,21,1
98,41,0
98,27,0
98,24,0
98,44,0
98,26,1
98,20,0
98,48,0
98,37,0
98,29,0
98,30,1
98,41,0
98,45,0
98,20,0
98,48,0
99,25,1
99,2,0
99,27,0
99,14,0
99,49,0
99,39,1
99,0,0
99,41,0
99,36,0
99,15,0
99,46,1
99,41,0
99,31,0
99,34,0
99,7,0
99,38,1
99,15,0
99,10,0
99,16,0
99,37,0
99,43,1
99,3,0
99,12,0
99,17,0
99,2,0
